,tweet_id,retweets,favorites
0,892420643555336193,7546,35691
1,892177421306343426,5594,30867
2,891815181378084864,3707,23207
3,891689557279858688,7727,38983
4,891327558926688256,8327,37238
5,891087950875897856,2795,18776
6,890971913173991426,1813,10904
7,890729181411237888,16886,60145
8,890609185150312448,3849,25827
9,890240255349198849,6566,29496
10,890006608113172480,6559,28413
11,889880896479866881,4466,25846
12,889665388333682689,8951,44450
13,889638837579907072,4005,25008
14,889531135344209921,2021,14044
15,889278841981685760,4774,23329
16,888917238123831296,4020,26944
17,888804989199671297,3788,23640
18,888554962724278272,3101,18256
19,888078434458587136,3110,20170
20,887705289381826560,4833,28037
21,887517139158093824,10558,42920
22,887473957103951883,16110,63598
23,887343217045368832,9397,31180
24,887101392804085760,5345,28368
25,886983233522544640,6855,32283
26,886736880519319552,2865,11079
27,886680336477933568,4010,20831
28,886366144734445568,2836,19562
29,886267009285017600,4,111
30,886258384151887873,5657,25914
31,886054160059072513,99,0
32,885984800019947520,6023,30172
33,885528943205470208,5724,33273
34,885518971528720385,3346,18946
35,885311592912609280,16558,0
36,885167619883638784,3909,20259
37,884925521741709313,16154,71256
38,884876753390489601,4990,25748
39,884562892145688576,4210,22510
40,884441805382717440,5101,25078
41,884247878851493888,18182,67126
42,884162670584377345,2681,18903
43,883838122936631299,3073,20226
44,883482846933004288,8849,42394
45,883360690899218434,3312,20986
46,883117836046086144,5964,34335
47,882992080364220416,3481,22117
48,882762694511734784,4379,26160
49,882627270321602560,5443,25938
50,882268110199369728,10367,41489
51,882045870035918850,4360,27146
52,881906580714921986,3049,22551
53,881666595344535552,9559,46913
54,881633300179243008,7,115
55,881536004380872706,14338,45805
56,881268444196462592,4740,21544
57,880935762899988482,2506,15850
58,880872448815771648,3434,19726
59,880465832366813184,5564,26362
60,880221127280381952,3732,24976
61,880095782870896641,3896,25588
62,879862464715927552,3126,20728
63,879674319642796034,10,292
64,879492040517615616,2859,21760
65,879415818425184262,39934,97984
66,879376492567855104,2810,15602
67,879130579576475649,6108,0
68,879050749262655488,4222,20901
69,879008229531029506,2406,17638
70,878776093423087618,3676,17959
71,878604707211726852,6348,27910
72,878404777348136964,1151,0
73,878316110768087041,5955,0
74,878281511006478336,1151,7167
75,878057613040115712,6108,39038
76,877736472329191424,16999,73448
77,877611172832227328,71,0
78,877556246731214848,3418,21055
79,877316821321428993,4677,25446
80,877201837425926144,5005,25154
81,876838120628539392,2999,19208
82,876537666061221889,4220,22010
83,876484053909872640,2130,17446
84,876120275196170240,4197,25978
85,875747767867523072,3842,23343
86,875144289856114688,4418,20382
87,875097192612077568,5478,25494
88,875021211251597312,4245,23699
89,874680097055178752,4176,25863
90,874434818259525634,13093,0
91,874296783580663808,3716,24228
92,874057562936811520,3594,21139
93,874012996292530176,9224,31850
94,873580283840344065,3561,22541
95,873337748698140672,1428,0
96,873213775632977920,1428,6663
97,872967104147763200,4893,25369
98,872820683541237760,3366,13734
99,872620804844003328,3296,19324
100,872486979161796608,8189,38001
101,872122724285648897,7330,31940
102,871879754684805121,9921,35024
103,871762521631449091,3160,18866
104,871515927908634625,3154,18838
105,871166179821445120,5188,0
106,871102520638267392,5001,19540
107,871032628920680449,3465,21243
108,870804317367881728,5630,31459
109,870726314365509632,3,114
110,870656317836468226,2386,11519
111,870374049280663552,24161,77671
112,870308999962521604,3775,20506
113,870063196459192321,7566,34169
114,869772420881756160,9247,39889
115,869702957897576449,5748,26426
116,869596645499047938,2845,14961
117,869227993411051520,3439,19122
118,868880397819494401,13169,61255
119,868639477480148993,1891,0
120,868622495443632128,4834,24990
121,868552278524837888,1891,9456
122,867900495410671616,3831,22737
123,867774946302451713,6719,31878
124,867421006826221569,2286,15111
125,867072653475098625,110,0
126,867051520902168576,7245,30274
127,866720684873056260,4401,18813
128,866686824827068416,3194,18084
129,866450705531457537,32372,114932
130,866334964761202691,13093,49207
131,866094527597207552,7701,0
132,865718153858494464,5178,24175
133,865359393868664832,4603,24918
134,865006731092295680,7099,26398
135,864873206498414592,8000,30406
136,864279568663928832,2777,13755
137,864197398364647424,8154,28236
138,863907417377173506,3823,19438
139,863553081350529029,3870,14405
140,863471782782697472,2243,0
141,863432100342583297,4844,22442
142,863427515083354112,89,2083
143,863079547188785154,1027,8299
144,863062471531167744,2243,7975
145,862831371563274240,4770,18131
146,862722525377298433,3282,16178
147,862457590147678208,4560,19289
148,862096992088072192,21446,70146
149,861383897657036800,9929,34129
150,861288531465048066,3836,16244
151,861005113778896900,3543,15801
152,860981674716409858,1992,0
153,860924035999428608,741,0
154,860563773140209665,1992,7105
155,860524505164394496,4937,22422
156,860276583193509888,3271,17447
157,860184849394610176,5442,15810
158,860177593139703809,28792,0
159,859924526012018688,3833,18618
160,859851578198683649,3281,14673
161,859607811541651456,1451,17722
162,859196978902773760,28143,85351
163,859074603037188101,12735,32133
164,858860390427611136,7584,0
165,858843525470990336,3248,14861
166,858471635011153920,4547,20506
167,858107933456039936,2714,15016
168,857989990357356544,2431,15329
169,857746408056729600,9982,32667
170,857393404942143489,1546,5621
171,857263160327368704,4257,19159
172,857214891891077121,17,214
173,857062103051644929,157,0
174,857029823797047296,3744,18010
175,856543823941562368,2717,15642
176,856526610513747968,1773,11360
177,856330835276025856,631,0
178,856288084350160898,15,491
179,856282028240666624,5937,26558
180,855862651834028034,24,323
181,855860136149123072,927,4696
182,855857698524602368,1993,11377
183,855851453814013952,17103,43946
184,855818117272018944,5138,25588
185,855459453768019968,7790,28586
186,855245323840757760,5638,0
187,855138241867124737,43,0
188,854732716440526848,5758,21863
189,854482394044301312,6493,28124
190,854365224396361728,4458,18181
191,854120357044912130,7093,30808
192,854010172552949760,3000,15656
193,853760880890318849,5478,27562
194,853639147608842240,9541,33433
195,853299958564483072,3397,14955
196,852936405516943360,1894,0
197,852912242202992640,1730,8716
198,852672615818899456,2064,14422
199,852553447878664193,3321,15771
200,852311364735569921,9513,32071
201,852226086759018497,6564,19376
202,852189679701164033,1527,11114
203,851861385021730816,19,0
204,851591660324737024,3326,15778
205,851464819735769094,6782,23550
206,851224888060895234,5518,20093
207,850753642995093505,8746,29884
208,850380195714523136,2501,12738
209,850333567704068097,315,3361
210,850145622816686080,3655,15888
211,850019790995546112,4683,19845
212,849776966551130114,7301,29561
213,849668094696017920,4768,0
214,849412302885593088,3036,15461
215,849336543269576704,1830,11131
216,849051919805034497,8169,41241
217,848690551926992896,4174,24559
218,848324959059550208,4467,24094
219,848213670039564288,700,7972
220,848212111729840128,2921,15926
221,847978865427394560,3152,0
222,847971574464610304,420,0
223,847962785489326080,4898,22964
224,847842811428974592,1281,5309
225,847617282490613760,401,6827
226,847606175596138505,3327,18351
227,847251039262605312,4190,20045
228,847157206088847362,5678,19442
229,847116187444137987,3085,20999
230,846874817362120707,3795,19642
231,846514051647705089,11170,43591
232,846505985330044928,2968,13800
233,846153765933735936,8755,30881
234,846139713627017216,9745,30390
235,846042936437604353,2777,15647
236,845812042753855489,8414,28601
237,845677943972139009,4669,24697
238,845397057150107648,1738,7477
239,845306882940190720,5229,22861
240,845098359547420673,7438,0
241,844979544864018432,2474,13385
242,844973813909606400,3092,14778
243,844580511645339650,3035,16162
244,844223788422217728,2134,13418
245,843981021012017153,2873,14894
246,843856843873095681,4499,21050
247,843604394117681152,2668,16588
248,843235543001513987,5870,21135
249,842846295480000512,3542,15022
250,842765311967449089,1243,6617
251,842535590457499648,3417,17801
252,842163532590374912,5638,24028
253,842115215311396866,2956,13746
254,841833993020538882,14673,0
255,841680585030541313,7631,25331
256,841439858740625411,3585,12445
257,841320156043304961,5374,19490
258,841314665196081154,4533,15610
259,841077006473256960,5188,22489
260,840761248237133825,1725,0
261,840728873075638272,15706,0
262,840698636975636481,2,172
263,840696689258311684,950,12110
264,840632337062862849,1725,8861
265,840370681858686976,4453,16197
266,840268004936019968,5595,18984
267,839990271299457024,2228,13234
268,839549326359670784,7584,27078
269,839290600511926273,140,0
270,839239871831150596,6396,26739
271,838952994649550848,3909,19394
272,838921590096166913,2010,10986
273,838916489579200512,33,0
274,838831947270979586,10786,0
275,838561493054533637,1311,10820
276,838476387338051585,4678,22197
277,838201503651401729,9830,0
278,838150277551247360,325,1651
279,838085839343206401,1,138
280,838083903487373313,3063,17407
281,837820167694528512,7701,33634
282,837482249356513284,437,3816
283,837471256429613056,2232,12630
284,837110210464448512,2325,15862
285,836989968035819520,2259,12604
286,836753516572119041,4562,19128
287,836677758902222849,2191,12475
288,836648853927522308,548,0
289,836397794269200385,27027,0
290,836380477523124226,2939,14612
291,836260088725786625,4234,21099
292,836001077879255040,4188,18879
293,835685285446955009,7998,0
294,835574547218894849,3560,17617
295,835536468978302976,1666,0
296,835309094223372289,20578,0
297,835297930240217089,2958,16312
298,835264098648616962,1666,7657
299,835246439529840640,72,2080
300,835172783151792128,5675,25906
301,835152434251116546,2954,22170
302,834931633769889797,1613,10703
303,834786237630337024,5421,21205
304,834574053763584002,2490,13510
305,834477809192075265,10477,0
306,834458053273591808,1652,9534
307,834209720923721728,4672,20375
308,834167344700198914,3611,15687
309,834089966724603904,2103,9942
310,834086379323871233,2181,12942
311,833863086058651648,2375,13327
312,833826103416520705,3722,17919
313,833732339549220864,220,0
314,833722901757046785,3178,20644
315,833479644947025920,2020,14743
316,833124694597443584,4768,20026
317,832998151111966721,2169,13140
318,832769181346996225,39,0
319,832757312314028032,3572,16723
320,832682457690300417,2870,11775
321,832645525019123713,524,2907
322,832636094638288896,2745,15713
323,832397543355072512,2187,11874
324,832369877331693569,3152,17063
325,832273440279240704,2313,11268
326,832215909146226688,6132,0
327,832215726631055365,9200,0
328,832088576586297345,2,62
329,832040443403784192,9485,0
330,832032802820481025,4605,17727
331,831939777352105988,6052,23802
332,831926988323639298,34,334
333,831911600680497154,6413,27395
334,831670449226514432,1794,10354
335,831650051525054464,1894,7073
336,831552930092285952,2295,8908
337,831322785565769729,1536,9216
338,831315979191906304,1115,6496
339,831309418084069378,2433,11672
340,831262627380748289,2017,11816
341,830956169170665475,1481,7916
342,830583320585068544,16558,66321
343,830173239259324417,5622,0
344,830097400375152640,2903,9722
345,829878982036299777,4940,0
346,829861396166877184,1917,12165
347,829501995190984704,10477,31528
348,829449946868879360,1990,10392
349,829141528400556032,7245,24237
350,829011960981237760,16163,52899
351,828801551087042563,3389,0
352,828770345708580865,5798,25447
353,828708714936930305,11056,36273
354,828650029636317184,1329,9459
355,828409743546925057,1157,6316
356,828408677031882754,1278,7636
357,828381636999917570,2196,12522
358,828376505180889089,1057,7336
359,828372645993398273,2902,12506
360,828361771580813312,173,2179
361,828046555563323392,2846,11695
362,828011680017821696,2130,10304
363,827933404142436356,5189,19977
364,827653905312006145,2998,15426
365,827600520311402496,933,7433
366,827324948884643840,3009,15774
367,827199976799354881,2204,10536
368,826958653328592898,4940,21482
369,826848821049180160,10057,36162
370,826615380357632002,3954,0
371,826598799820865537,249,5104
372,826598365270007810,2316,9995
373,826476773533745153,4152,18326
374,826240494070030336,2587,13237
375,826204788643753985,915,4863
376,826115272272650244,3076,15592
377,825876512159186944,1850,10447
378,825829644528148480,2470,12698
379,825535076884762624,17448,56686
380,825147591692263424,4506,18223
381,825120256414846976,1242,0
382,825026590719483904,1242,6276
383,824796380199809024,5467,0
384,824775126675836928,3487,14847
385,824663926340194305,1761,10487
386,824325613288833024,10486,11800
387,824297048279236611,3826,15014
388,824025158776213504,596,4822
389,823939628516474880,2688,10600
390,823719002937630720,11113,0
391,823699002998870016,2504,13960
392,823581115634085888,2607,12991
393,823333489516937216,24,701
394,823322678127919110,3991,15691
395,823269594223824897,9828,0
396,822975315408461824,3421,17289
397,822872901745569793,42952,131262
398,822859134160621569,2262,13228
399,822647212903690241,6377,0
400,822610361945911296,2940,14783
401,822489057087389700,6377,18120
402,822462944365645825,14205,27919
403,822244816520155136,9828,34909
404,822163064745328640,4740,0
405,821886076407029760,2290,11304
406,821813639212650496,3354,0
407,821765923262631936,1651,8401
408,821522889702862852,1753,8040
409,821421320206483457,5553,0
410,821407182352777218,4321,11748
411,821153421864615936,10,256
412,821149554670182400,1968,8626
413,821107785811234820,2129,9593
414,821044531881721856,2273,12656
415,820837357901512704,6701,0
416,820749716845686786,9830,31524
417,820690176645140481,3215,12219
418,820494788566847489,563,0
419,820446719150292993,2559,0
420,820314633777061888,563,3351
421,820078625395449857,6259,19816
422,820013781606658049,1172,0
423,819952236453363712,1172,5326
424,819924195358416896,4869,12922
425,819711362133872643,3097,13368
426,819588359383371776,1982,9658
427,819347104292290561,1202,7218
428,819238181065359361,406,2276
429,819227688460238848,6701,23075
430,819015337530290176,36796,0
431,819015331746349057,18939,0
432,819006400881917954,18939,45355
433,819004803107983360,36796,86991
434,818646164899774465,20936,0
435,818627210458333184,7524,22418
436,818614493328580609,2546,9839
437,818588835076603904,6115,0
438,818536468981415936,2450,10898
439,818307523543449600,8051,0
440,818259473185828864,2258,11027
441,818145370475810820,2567,12282
442,817908911860748288,801,4867
443,817827839487737858,27027,51681
444,817777686764523521,2683,10768
445,817536400337801217,2957,11779
446,817502432452313088,3381,0
447,817423860136083457,14673,33859
448,817415592588222464,942,5605
449,817181837579653120,8461,0
450,817171292965273600,2019,8778
451,817120970343411712,2592,12231
452,817056546584727552,1641,8603
453,816829038950027264,4715,0
454,816816676327063552,2037,10022
455,816697700272001025,2182,9797
456,816450570814898180,8051,30459
457,816336735214911488,1943,8618
458,816091915477250048,2135,8965
459,816062466425819140,1015,0
460,816014286006976512,5263,0
461,815990720817401858,1015,4959
462,815966073409433600,8461,22459
463,815745968457060357,4128,0
464,815736392542261248,2260,9878
465,815639385530101762,1652,8244
466,815390420867969024,3811,10385
467,814986499976527872,1279,7685
468,814638523311648768,2692,11297
469,814578408554463233,5838,0
470,814530161257443328,1863,8664
471,814153002265309185,8684,28846
472,813944609378369540,3189,0
473,813910438903693312,1868,9332
474,813812741911748608,13985,36534
475,813800681631023104,1762,8364
476,813217897535406080,7301,18714
477,813202720496779264,1818,9268
478,813187593374461952,4357,19934
479,813172488309972993,1928,9292
480,813157409116065792,2219,7814
481,813142292504645637,2391,8514
482,813130366689148928,451,4493
483,813127251579564032,3142,11881
484,813112105746448384,2747,10341
485,813096984823349248,3639,10626
486,813081950185472002,2793,9939
487,813066809284972545,1961,7983
488,813051746834595840,7382,21087
489,812781120811126785,1912,7606
490,812709060537683968,1437,6645
491,812503143955202048,1223,6105
492,812466873996607488,1939,7997
493,812372279581671427,3664,13707
494,811985624773361665,1404,7297
495,811744202451197953,1597,7573
496,811647686436880384,745,5650
497,811627233043480576,3087,12838
498,811386762094317568,6413,21029
499,810984652412424192,1446,5359
500,810896069567610880,1778,9041
501,810657578271330305,2656,11018
502,810284430598270976,11302,35389
503,810254108431155201,3389,14769
504,809920764300447744,3954,15643
505,809808892968534016,4905,0
506,809448704142938112,1473,6977
507,809220051211603969,5622,20022
508,809084759137812480,3550,13320
509,808838249661788160,3051,10179
510,808733504066486276,2176,7951
511,808501579447930884,2609,11386
512,808344865868283904,20936,42789
513,808134635716833280,5939,0
514,808106460588765185,2220,8855
515,808001312164028416,3558,12604
516,807621403335917568,3628,14669
517,807106840509214720,55583,118809
518,807059379405148160,7369,0
519,807010152071229440,3879,13161
520,806629075125202948,34757,75053
521,806620845233815552,5556,0
522,806576416489959424,1964,4931
523,806542213899489280,2368,10283
524,806242860592926720,11655,0
525,806219024703037440,1198,6486
526,805958939288408065,5395,0
527,805932879469572096,1928,8333
528,805826884734976000,1832,6601
529,805823200554876929,8037,0
530,805520635690676224,1664,5797
531,805487436403003392,2539,8855
532,805207613751304193,1727,7890
533,804738756058218496,3830,13794
534,804475857670639616,2017,6171
535,804413760345620481,3250,0
536,804026241225523202,16196,44706
537,803773340896923648,2757,10132
538,803692223237865472,7460,0
539,803638050916102144,4167,11027
540,803380650405482500,1882,7819
541,803321560782307329,5351,0
542,803276597545603072,2465,10099
543,802952499103731712,2009,9079
544,802624713319034886,2930,0
545,802600418706604034,1475,7156
546,802572683846291456,2519,9001
547,802323869084381190,5851,16288
548,802265048156610565,1381,6799
549,802239329049477120,2636,9143
550,802185808107208704,274,0
551,801958328846974976,1727,7808
552,801854953262350336,237,1801
553,801538201127157760,2079,8288
554,801285448605831168,821,6094
555,801167903437357056,5939,24610
556,801127390143516673,3975,0
557,801115127852503040,2111,8133
558,800859414831898624,98,693
559,800855607700029440,1619,0
560,800751577355128832,2811,10645
561,800513324630806528,3004,13210
562,800459316964663297,2183,9574
563,800443802682937345,4341,0
564,800388270626521089,2823,11220
565,800188575492947969,3970,0
566,800141422401830912,2559,15385
567,800018252395122689,13224,28538
568,799774291445383169,4710,0
569,799757965289017345,2177,8447
570,799422933579902976,1939,8136
571,799308762079035393,5496,0
572,799297110730567681,2775,9942
573,799063482566066176,2487,8133
574,798933969379225600,4481,13174
575,798925684722855936,1448,7558
576,798705661114773508,6676,0
577,798701998996647937,7818,0
578,798697898615730177,6566,0
579,798694562394996736,4976,0
580,798686750113755136,2350,0
581,798682547630837760,4753,0
582,798673117451325440,5584,0
583,798665375516884993,3927,0
584,798644042770751489,1868,0
585,798628517273620480,1989,0
586,798585098161549313,5713,0
587,798576900688019456,5881,0
588,798340744599797760,3351,0
589,798209839306514432,2575,10491
590,797971864723324932,3118,11657
591,797545162159308800,4891,14650
592,797236660651966464,6615,20090
593,797165961484890113,26,226
594,796904159865868288,8967,0
595,796865951799083009,1934,7739
596,796759840936919040,3043,11905
597,796563435802726400,7294,0
598,796484825502875648,1766,7623
599,796387464403357696,4162,11080
600,796177847564038144,14349,0
601,796149749086875649,14349,32431
602,796125600683540480,1817,5013
603,796116448414461957,2426,9159
604,796080075804475393,2320,8521
605,796031486298386433,3732,10873
606,795464331001561088,23676,49857
607,795400264262053889,2883,10119
608,795076730285391872,5467,16302
609,794983741416415232,3386,0
610,794926597468000259,2316,10310
611,794355576146903043,10323,0
612,794332329137291264,2697,9651
613,794205286408003585,3333,9291
614,793962221541933056,4905,16939
615,793845145112371200,1874,9281
616,793614319594401792,3150,0
617,793601777308463104,1629,8033
618,793500921481273345,2379,10734
619,793286476301799424,9200,24744
620,793271401113350145,2402,8759
621,793256262322548741,8373,20091
622,793241302385262592,3305,10578
623,793226087023144960,2899,9895
624,793210959003287553,2806,8993
625,793195938047070209,5647,15359
626,793180763617361921,2011,6984
627,793165685325201412,2800,9454
628,793150605191548928,1711,6216
629,793135492858580992,2506,6452
630,793120401413079041,3939,12733
631,792913359805018113,4003,14417
632,792883833364439040,4290,11365
633,792773781206999040,1686,7402
634,792394556390137856,4311,13520
635,792050063153438720,1804,7202
636,791821351946420224,21186,0
637,791784077045166082,9605,0
638,791780927877898241,3837,0
639,791774931465953280,22277,45371
640,791672322847637504,3150,11821
641,791406955684368384,4128,13220
642,791312159183634433,2543,8841
643,791026214425268224,4112,0
644,790987426131050500,2143,9885
645,790946055508652032,4715,16743
646,790723298204217344,2321,0
647,790698755171364864,1930,8274
648,790581949425475584,7165,20774
649,790337589677002753,1889,7863
650,790277117346975746,3189,12635
651,790227638568808452,3580,0
652,789986466051088384,2321,9307
653,789960241177853952,4137,0
654,789903600034189313,4155,10412
655,789628658055020548,1775,7534
656,789599242079838210,1935,6799
657,789530877013393408,3386,11789
658,789314372632018944,2306,8707
659,789280767834746880,4945,0
660,789268448748703744,2619,9173
661,789137962068021249,2800,9783
662,788908386943430656,12519,27576
663,788765914992902144,10323,27476
664,788552643979468800,7201,0
665,788412144018661376,5275,15624
666,788178268662984705,2101,7268
667,788150585577050112,1290,6154
668,788070120937619456,3437,0
669,788039637453406209,1319,6166
670,787810552592695296,3060,8651
671,787717603741622272,2782,10314
672,787397959788929025,2855,10945
673,787322443945877504,1748,7817
674,787111942498508800,6776,0
675,786963064373534720,7998,26752
676,786729988674449408,2431,0
677,786709082849828864,6132,18303
678,786664955043049472,2556,10636
679,786595970293370880,3133,9496
680,786363235746385920,3507,10942
681,786286427768250368,2843,8007
682,786233965241827333,4740,15309
683,786051337297522688,155,1427
684,786036967502913536,7017,0
685,785927819176054784,3195,11432
686,785872687017132033,1813,6728
687,785639753186217984,2246,7883
688,785533386513321988,2002,9149
689,785515384317313025,1263,6152
690,785264754247995392,1628,7291
691,785170936622350336,4836,12079
692,784826020293709826,3250,10140
693,784517518371221505,2537,8995
694,784431430411685888,1272,5733
695,784183165795655680,8037,20131
696,784057939640352768,11113,29856
697,783839966405230592,10786,30116
698,783821107061198850,1973,7383
699,783695101801398276,3208,10504
700,783466772167098368,2244,8484
701,783391753726550016,5472,16939
702,783347506784731136,5541,0
703,783334639985389568,11655,29219
704,783085703974514689,2203,8181
705,782969140009107456,7369,24182
706,782747134529531904,1408,7483
707,782722598790725632,5395,17305
708,782598640137187329,1874,7810
709,782305867769217024,5553,16668
710,782021823840026624,6193,0
711,781955203444699136,3368,11145
712,781661882474196992,2715,10448
713,781655249211752448,1130,3998
714,781524693396357120,5556,20792
715,781308096455073793,2554,7154
716,781251288990355457,2079,8451
717,781163403222056960,2747,9821
718,780931614150983680,7294,21656
719,780858289093574656,2009,7195
720,780800785462489090,1301,5493
721,780601303617732608,3354,12132
722,780543529827336192,1744,6308
723,780496263422808064,3677,0
724,780476555013349377,112,0
725,780459368902959104,1079,5302
726,780192070812196864,2235,8711
727,780092040432480260,2292,0
728,780074436359819264,4948,12168
729,779834332596887552,7017,18900
730,779377524342161408,3105,8808
731,779124354206535695,18227,0
732,779056095788752897,4530,14752
733,778990705243029504,7173,19956
734,778774459159379968,9850,0
735,778764940568104960,361,869
736,778748913645780993,1304,6892
737,778650543019483137,1494,5775
738,778624900596654080,1009,4642
739,778408200802557953,4313,13621
740,778396591732486144,12181,0
741,778383385161035776,1101,5825
742,778286810187399168,3278,10371
743,778039087836069888,2636,8500
744,778027034220126208,1607,6542
745,777953400541634568,3513,0
746,777885040357281792,1628,6341
747,777684233540206592,2930,11223
748,777641927919427584,4214,0
749,777621514455814149,2497,8735
750,777189768882946048,4290,14269
751,776819012571455488,13610,0
752,776813020089548800,1205,4873
753,776477788987613185,2764,8812
754,776249906839351296,9080,0
755,776218204058357768,15782,29848
756,776201521193218049,2509,9604
757,776113305656188928,4341,11745
758,776088319444877312,151,1840
759,775898661951791106,16447,0
760,775842724423557120,2642,11697
761,775733305207554048,3975,13870
762,775729183532220416,4583,12979
763,775364825476165632,2949,7387
764,775350846108426240,3890,10148
765,775085132600442880,4710,15530
766,774757898236878852,1782,8592
767,774639387460112384,1722,6719
768,774314403806253056,5496,21732
769,773985732834758656,3835,10700
770,773922284943896577,1743,6391
771,773704687002451968,1617,6584
772,773670353721753600,1307,5349
773,773547596996571136,6115,22055
774,773336787167145985,5043,0
775,773308824254029826,7438,23260
776,773247561583001600,3240,9436
777,773191612633579521,4101,9951
778,772877495989305348,3852,8531
779,772826264096874500,2335,8019
780,772615324260794368,3360,0
781,772581559778025472,1693,6465
782,772193107915964416,1382,6020
783,772152991789019136,1125,3794
784,772117678702071809,737,3767
785,772114945936949249,466,2729
786,772102971039580160,938,3979
787,771908950375665664,1890,6564
788,771770456517009408,3351,11970
789,771500966810099713,2597,8225
790,771380798096281600,5043,10434
791,771171053431250945,7403,0
792,771136648247640064,2906,9117
793,771102124360998913,1430,6217
794,771014301343748096,1641,6842
795,770787852854652928,1195,4910
796,770772759874076672,1408,5148
797,770655142660169732,1758,7302
798,770414278348247044,2088,6307
799,770293558247038976,1461,6217
800,770093767776997377,3033,0
801,770069151037685760,2282,7565
802,769940425801170949,9485,31197
803,769695466921623552,1675,6390
804,769335591808995329,7676,0
805,769212283578875904,1706,5367
806,768970937022709760,6458,14287
807,768909767477751808,2649,0
808,768855141948723200,879,4174
809,768609597686943744,1193,4096
810,768596291618299904,1274,5016
811,768554158521745409,5799,0
812,768473857036525572,3396,13563
813,768193404517830656,3513,10815
814,767884188863397888,1372,4720
815,767754930266464257,5351,15930
816,767500508068192258,2327,7472
817,767191397493538821,3731,12256
818,767122157629476866,2836,10140
819,766864461642756096,5583,0
820,766793450729734144,1347,5037
821,766714921925144576,375,2604
822,766693177336135680,787,3988
823,766423258543644672,1569,5973
824,766313316352462849,1875,6761
825,766078092750233600,2597,0
826,766069199026450432,846,4204
827,766008592277377025,494,3724
828,765719909049503744,2137,7195
829,765669560888528897,1217,5159
830,765395769549590528,3358,26507
831,765371061932261376,2148,7034
832,765222098633691136,3360,11577
833,764857477905154048,1763,6424
834,764259802650378240,1489,5982
835,763956972077010945,54,760
836,763837565564780549,4112,12487
837,763183847194451968,1452,5348
838,763167063695355904,2975,0
839,763103485927849985,2275,7325
840,762699858130116608,3580,12057
841,762471784394268675,6352,11142
842,762464539388485633,4137,10223
843,762316489655476224,1109,4771
844,762035686371364864,15411,31641
845,761976711479193600,1989,5371
846,761750502866649088,3870,0
847,761745352076779520,857,4249
848,761672994376806400,28792,49135
849,761599872357261312,1182,4103
850,761371037149827077,17899,0
851,761334018830917632,1438,5157
852,761292947749015552,1073,4455
853,761227390836215808,1547,5291
854,761004547850530816,3437,11253
855,760893934457552897,964,3788
856,760656994973933572,1887,6538
857,760641137271070720,1281,4947
858,760539183865880579,3583,7514
859,760521673607086080,1374,4183
860,760290219849637889,11355,26599
861,760252756032651264,862,3924
862,760190180481531904,1779,5657
863,760153949710192640,30,0
864,759943073749200896,2056,5902
865,759923798737051648,5583,14574
866,759846353224826880,1945,6686
867,759793422261743616,1883,5910
868,759557299618865152,1173,4653
869,759447681597108224,2431,8407
870,759446261539934208,480,1659
871,759197388317847553,1923,6029
872,759159934323924993,1142,0
873,759099523532779520,4112,14394
874,759047813560868866,1983,6433
875,758854675097526272,886,3523
876,758828659922702336,3798,11127
877,758740312047005698,1598,5691
878,758474966123810816,988,3770
879,758467244762497024,2187,4754
880,758405701903519748,1882,5167
881,758355060040593408,1053,3369
882,758099635764359168,9850,18903
883,758041019896193024,369,2680
884,757741869644341248,3210,6829
885,757729163776290825,7812,0
886,757725642876129280,1194,4507
887,757611664640446465,1091,4531
888,757597904299253760,297,0
889,757596066325864448,1039,4295
890,757400162377592832,6758,14998
891,757393109802180609,1714,5762
892,757354760399941633,1403,4482
893,756998049151549440,1962,6220
894,756939218950160384,1983,6584
895,756651752796094464,1282,5000
896,756526248105566208,3530,10336
897,756303284449767430,1089,3891
898,756288534030475264,17465,43625
899,756275833623502848,1510,6346
900,755955933503782912,2837,7253
901,755206590534418437,5291,16291
902,755110668769038337,10953,20987
903,754874841593970688,7790,0
904,754856583969079297,2480,6849
905,754747087846248448,513,2566
906,754482103782404096,1927,5238
907,754449512966619136,724,3712
908,754120377874386944,2327,7819
909,753655901052166144,2145,5786
910,753420520834629632,3506,7823
911,753398408988139520,1873,5693
912,753375668877008896,2292,7572
913,753298634498793472,5615,0
914,753294487569522689,1025,3338
915,753039830821511168,20578,36752
916,753026973505581056,950,3888
917,752932432744185856,6776,12503
918,752917284578922496,1552,6881
919,752701944171524096,2819,0
920,752682090207055872,1572,5954
921,752660715232722944,1535,4335
922,752568224206688256,2246,5441
923,752519690950500352,3394,7301
924,752334515931054080,1077,3783
925,752309394570878976,16022,0
926,752173152931807232,1807,5900
927,751950017322246144,898,3035
928,751937170840121344,1306,5138
929,751830394383790080,1917,5753
930,751793661361422336,2857,5758
931,751598357617971201,3003,7837
932,751583847268179968,1086,4338
933,751538714308972544,1241,4987
934,751456908746354688,988,3179
935,751251247299190784,5788,12377
936,751205363882532864,1788,6262
937,751132876104687617,1283,5012
938,750868782890057730,1343,4727
939,750719632563142656,4944,13030
940,750506206503038976,1129,4394
941,750429297815552001,4214,13032
942,750383411068534784,1131,4517
943,750381685133418496,27,688
944,750147208377409536,944,3072
945,750132105863102464,1275,3568
946,750117059602808832,1288,4282
947,750101899009982464,827,3009
948,750086836815486976,524,2146
949,750071704093859840,3268,7741
950,750056684286914561,882,3132
951,750041628174217216,604,3137
952,750026558547456000,773,2694
953,750011400160841729,893,3211
954,749996283729883136,802,3030
955,749981277374128128,2424,5068
956,749774190421639168,1301,4616
957,749417653287129088,1619,6042
958,749403093750648834,525,2592
959,749395845976588288,3382,8464
960,749317047558017024,2206,5434
961,749075273010798592,2044,5691
962,749064354620928000,1501,4754
963,749036806121881602,783,3061
964,748977405889503236,3341,10647
965,748932637671223296,2207,5742
966,748705597323898880,936,2744
967,748699167502000129,1555,4685
968,748692773788876800,1311,4195
969,748575535303884801,1947,5986
970,748568946752774144,662,2175
971,748346686624440324,1216,5154
972,748337862848962560,4030,7534
973,748324050481647620,744,3636
974,748307329658011649,700,3630
975,748220828303695873,7639,13954
976,747963614829678593,2099,5706
977,747933425676525569,2497,6527
978,747885874273214464,952,2899
979,747844099428986880,731,2783
980,747816857231626240,1140,4780
981,747651430853525504,152,1368
982,747648653817413632,5747,12711
983,747600769478692864,548,2297
984,747594051852075008,1041,3625
985,747512671126323200,1583,5451
986,747461612269887489,1025,3821
987,747439450712596480,1882,5353
988,747242308580548608,2862,0
989,747219827526344708,1538,5185
990,747204161125646336,902,3329
991,747103485104099331,3896,9433
992,746906459439529985,292,2863
993,746872823977771008,2095,5901
994,746818907684614144,1708,5257
995,746790600704425984,1570,4795
996,746757706116112384,3837,9431
997,746726898085036033,1758,5955
998,746542875601690625,1846,4960
999,746521445350707200,967,0
1000,746507379341139972,1068,4589
1001,746369468511756288,1605,6105
1002,746131877086527488,2152,6805
1003,746056683365994496,801,3513
1004,745789745784041472,1045,3963
1005,745712589599014916,2286,6905
1006,745433870967832576,2489,6969
1007,745422732645535745,2386,8450
1008,745314880350101504,2703,7073
1009,745074613265149952,3408,7711
1010,745057283344719872,2203,7156
1011,744995568523612160,601,2932
1012,744971049620602880,2634,7757
1013,744709971296780288,1534,5525
1014,744334592493166593,2065,6685
1015,744234799360020481,76234,153874
1016,744223424764059648,356,1637
1017,743980027717509120,1072,4103
1018,743895849529389061,949,3596
1019,743835915802583040,2025,0
1020,743609206067040256,1356,4400
1021,743595368194129920,6391,18046
1022,743545585370791937,922,3476
1023,743510151680958465,3663,7808
1024,743253157753532416,1198,4157
1025,743222593470234624,1872,6093
1026,743210557239623680,1336,3780
1027,742534281772302336,3499,6956
1028,742528092657332225,1930,4351
1029,742465774154047488,3843,7137
1030,742423170473463808,3677,9661
1031,742385895052087300,1923,6691
1032,742161199639494656,1340,4248
1033,742150209887731712,1514,5027
1034,741793263812808706,1482,4468
1035,741743634094141440,2687,8040
1036,741438259667034112,805,3625
1037,741303864243200000,3136,8640
1038,741099773336379392,5399,9817
1039,741067306818797568,3033,9370
1040,740995100998766593,2667,6247
1041,740711788199743490,915,3349
1042,740699697422163968,762,2798
1043,740676976021798912,6676,17854
1044,740373189193256964,13048,34454
1045,740365076218183684,422,2420
1046,740359016048689152,847,3245
1047,740214038584557568,1920,6578
1048,739979191639244800,5799,19603
1049,739932936087216128,1054,3989
1050,739844404073074688,841,3742
1051,739623569819336705,1330,3701
1052,739606147276148736,1615,5287
1053,739544079319588864,20753,38792
1054,739485634323156992,2862,7033
1055,739238157791694849,56688,113773
1056,738891149612572673,6,108
1057,738885046782832640,1118,3709
1058,738883359779196928,772,3245
1059,738537504001953792,1494,4995
1060,738402415918125056,810,3200
1061,738184450748633089,1189,4244
1062,738166403467907072,3276,8613
1063,738156290900254721,625,2458
1064,737826014890496000,1728,5165
1065,737800304142471168,3379,9804
1066,737678689543020544,1280,4951
1067,737445876994609152,4348,10053
1068,737322739594330112,793,3539
1069,737310737551491075,7249,14377
1070,736736130620620800,1689,4167
1071,736392552031657984,7200,17368
1072,736365877722001409,1208,3890
1073,736225175608430592,2718,7955
1074,736010884653420544,2906,7732
1075,735991953473572864,1119,3523
1076,735648611367784448,1078,3962
1077,735635087207878657,2293,6049
1078,735274964362878976,4902,12766
1079,735256018284875776,858,3263
1080,735137028879360001,950,3072
1081,734912297295085568,514,2697
1082,734787690684657664,6147,12288
1083,734776360183431168,524,2456
1084,734559631394082816,386,1460
1085,733828123016450049,761,3508
1086,733822306246479872,999,3591
1087,733482008106668032,924,3076
1088,733460102733135873,1248,4102
1089,733109485275860992,16447,49233
1090,732732193018155009,524,2383
1091,732726085725589504,870,3484
1092,732585889486888962,761,3598
1093,732375214819057664,2453,7916
1094,732005617171337216,5263,14588
1095,731285275100512256,974,3421
1096,731156023742988288,1237,3762
1097,730924654643314689,1930,6020
1098,730573383004487680,2081,4786
1099,730427201120833536,1018,3416
1100,730211855403241472,1035,3747
1101,730196704625098752,1844,4740
1102,729854734790754305,1098,3955
1103,729838605770891264,371,1690
1104,729823566028484608,1218,3895
1105,729463711119904772,2263,5666
1106,729113531270991872,310,1839
1107,728986383096946689,800,3077
1108,728760639972315136,1659,4573
1109,728751179681943552,661,2705
1110,728653952833728512,1010,3241
1111,728409960103686147,1943,4799
1112,728387165835677696,938,3626
1113,728046963732717569,1170,4207
1114,728035342121635841,1629,4459
1115,728015554473250816,1083,4041
1116,727685679342333952,627,2901
1117,727644517743104000,1700,5740
1118,727524757080539137,1186,4381
1119,727314416056803329,720,3266
1120,727286334147182592,793,2993
1121,727175381690781696,1354,3830
1122,727155742655025152,1293,3549
1123,726935089318363137,2375,6728
1124,726887082820554753,1485,3754
1125,726828223124897792,978,3493
1126,726224900189511680,1115,4332
1127,725842289046749185,2597,6927
1128,725786712245440512,1337,4086
1129,725729321944506368,1738,5096
1130,725458796924002305,601,1389
1131,724983749226668032,1277,3654
1132,724771698126512129,620,2297
1133,724405726123311104,1611,5169
1134,724049859469295616,1732,4239
1135,724046343203856385,543,2604
1136,724004602748780546,1502,4101
1137,723912936180330496,1203,3803
1138,723688335806480385,2859,7515
1139,723673163800948736,867,2955
1140,723179728551723008,1814,5189
1141,722974582966214656,1526,4018
1142,722613351520608256,1598,4859
1143,721503162398597120,1782,4520
1144,721001180231503872,596,2478
1145,720785406564900865,748,3050
1146,720775346191278080,643,2411
1147,720415127506415616,1459,4040
1148,720389942216527872,2438,6225
1149,720340705894408192,948,2806
1150,720059472081784833,1097,3783
1151,720043174954147842,1955,4811
1152,719991154352222208,1694,4734
1153,719704490224398336,1388,4436
1154,719551379208073216,1845,4942
1155,719367763014393856,727,2736
1156,719339463458033665,1198,4341
1157,719332531645071360,922,3356
1158,718971898235854848,1048,3416
1159,718939241951195136,1712,5131
1160,718631497683582976,7818,18462
1161,718613305783398402,470,2386
1162,718540630683709445,991,2398
1163,718460005985447936,512,2643
1164,718454725339934721,1475,4758
1165,718246886998687744,484,1865
1166,718234618122661888,963,3788
1167,717841801130979328,589,2398
1168,717790033953034240,1082,2822
1169,717537687239008257,1804,5648
1170,717428917016076293,433,1580
1171,717421804990701568,816,3089
1172,717047459982213120,1877,6154
1173,717009362452090881,938,3172
1174,716802964044845056,1141,4190
1175,716791146589110272,1539,8001
1176,716730379797970944,417,1208
1177,716447146686459905,5714,12766
1178,716439118184652801,204,2330
1179,716285507865542656,1024,2710
1180,716080869887381504,1852,6632
1181,715928423106027520,857,3125
1182,715758151270801409,1399,3639
1183,715733265223708672,1648,4559
1184,715704790270025728,556,2729
1185,715696743237730304,1258,3828
1186,715680795826982913,1567,4206
1187,715360349751484417,1523,5353
1188,715342466308784130,675,2985
1189,715220193576927233,632,2374
1190,715200624753819648,1832,5038
1191,715009755312439296,1194,4063
1192,714982300363173890,1008,3650
1193,714962719905021952,4138,7193
1194,714957620017307648,1375,4052
1195,714631576617938945,967,3206
1196,714606013974974464,902,3550
1197,714485234495041536,1097,2616
1198,714258258790387713,708,2970
1199,714251586676113411,815,3201
1200,714214115368108032,849,2225
1201,714141408463036416,1360,4229
1202,713919462244790272,775,3222
1203,713909862279876608,526,1858
1204,713900603437621249,720,2776
1205,713761197720473600,1337,4755
1206,713411074226274305,1270,4337
1207,713177543487135744,2777,7073
1208,713175907180089344,1438,4364
1209,712809025985978368,6566,18659
1210,712717840512598017,4841,12079
1211,712668654853337088,1186,4095
1212,712438159032893441,1526,5208
1213,712309440758808576,25,237
1214,712097430750289920,1007,3703
1215,712092745624633345,863,2880
1216,712085617388212225,476,3213
1217,712065007010385924,607,2213
1218,711998809858043904,125,0
1219,711968124745228288,2241,7881
1220,711743778164514816,966,2783
1221,711732680602345472,3992,8639
1222,711694788429553666,17899,32172
1223,711652651650457602,893,3775
1224,711363825979756544,1103,3564
1225,711306686208872448,717,3234
1226,711008018775851008,595,2938
1227,710997087345876993,1349,4477
1228,710844581445812225,667,2496
1229,710833117892898816,518,2634
1230,710658690886586372,546,2259
1231,710609963652087808,2316,4703
1232,710588934686908417,1816,4439
1233,710296729921429505,719,2325
1234,710283270106132480,510,2108
1235,710272297844797440,1219,4430
1236,710269109699739648,1087,2343
1237,710153181850935296,872,2853
1238,710140971284037632,857,2702
1239,710117014656950272,1939,5363
1240,709918798883774466,1064,3428
1241,709901256215666688,99,648
1242,709852847387627521,1175,3444
1243,709566166965075968,1172,3475
1244,709556954897764353,1045,3223
1245,709519240576036864,231,1469
1246,709449600415961088,559,2170
1247,709409458133323776,663,2558
1248,709225125749587968,562,2368
1249,709207347839836162,5635,12255
1250,709198395643068416,630,2395
1251,709179584944730112,656,1964
1252,709158332880297985,407,1997
1253,709042156699303936,1591,4635
1254,708853462201716736,646,1771
1255,708845821941387268,877,2924
1256,708834316713893888,491,1654
1257,708810915978854401,6758,16140
1258,708738143638450176,790,2699
1259,708711088997666817,702,2485
1260,708479650088034305,665,2499
1261,708469915515297792,799,3046
1262,708400866336894977,9815,15641
1263,708356463048204288,1286,3506
1264,708349470027751425,721,2305
1265,708149363256774660,1521,4207
1266,708130923141795840,833,3316
1267,708119489313951744,961,2644
1268,708109389455101952,540,1913
1269,708026248782585858,1883,4315
1270,707995814724026368,1104,3073
1271,707983188426153984,2,49
1272,707969809498152960,942,2645
1273,707776935007539200,937,3219
1274,707741517457260545,597,2437
1275,707738799544082433,2410,4001
1276,707693576495472641,966,3330
1277,707629649552134146,852,2525
1278,707610948723478529,6192,16635
1279,707420581654872064,678,2224
1280,707411934438625280,585,2259
1281,707387676719185920,1251,3432
1282,707377100785885184,1067,3209
1283,707315916783140866,626,2429
1284,707297311098011648,765,2716
1285,707059547140169728,658,2547
1286,707038192327901184,766,2144
1287,707021089608753152,1325,4011
1288,707014260413456384,584,2270
1289,706904523814649856,7676,14287
1290,706901761596989440,575,2010
1291,706681918348251136,955,3245
1292,706644897839910912,1063,2524
1293,706593038911545345,618,2118
1294,706538006853918722,1400,3413
1295,706516534877929472,1014,3063
1296,706346369204748288,906,3388
1297,706310011488698368,7730,20863
1298,706291001778950144,469,1674
1299,706265994973601792,916,2682
1300,706169069255446529,2152,3831
1301,706166467411222528,1569,5068
1302,706153300320784384,379,1455
1303,705975130514706432,715,3048
1304,705970349788291072,877,3116
1305,705898680587526145,539,2319
1306,705786532653883392,504,1895
1307,705591895322394625,1124,3113
1308,705475953783398401,891,2900
1309,705442520700944385,1585,4339
1310,705428427625635840,1641,3737
1311,705239209544720384,733,2946
1312,705223444686888960,784,2544
1313,705102439679201280,506,2102
1314,705066031337840642,606,2147
1315,704871453724954624,1093,4199
1316,704859558691414016,527,2211
1317,704847917308362754,1493,4974
1318,704819833553219584,961,2587
1319,704761120771465216,2862,6516
1320,704499785726889984,993,2857
1321,704491224099647488,76,735
1322,704480331685040129,1043,3328
1323,704364645503647744,3470,7827
1324,704347321748819968,343,1549
1325,704134088924532736,447,1478
1326,704113298707505153,560,1814
1327,704054845121142784,896,2866
1328,703774238772166656,448,1808
1329,703769065844768768,1120,3212
1330,703631701117943808,668,2525
1331,703611486317502464,1496,3766
1332,703425003149250560,1339,3742
1333,703407252292673536,680,2392
1334,703382836347330562,1119,3444
1335,703356393781329922,376,1877
1336,703268521220972544,535,1943
1337,703079050210877440,3006,7253
1338,703041949650034688,12180,25841
1339,702932127499816960,707,2530
1340,702899151802126337,444,1589
1341,702684942141153280,1053,3174
1342,702671118226825216,547,2164
1343,702598099714314240,3363,12015
1344,702539513671897089,940,2834
1345,702332542343577600,1515,3126
1346,702321140488925184,1024,3220
1347,702276748847800320,755,2425
1348,702217446468493312,1313,4687
1349,701981390485725185,967,3388
1350,701952816642965504,1006,3789
1351,701889187134500865,1358,3477
1352,701805642395348998,1634,3345
1353,701601587219795968,442,2063
1354,701570477911896070,908,2765
1355,701545186879471618,597,2618
1356,701214700881756160,4976,11981
1357,700890391244103680,557,2186
1358,700864154249383937,608,2554
1359,700847567345688576,492,2408
1360,700796979434098688,919,2397
1361,700747788515020802,9080,22411
1362,700518061187723268,781,2565
1363,700505138482569216,556,2254
1364,700462010979500032,1750,4054
1365,700167517596164096,715,2590
1366,700151421916807169,656,2205
1367,700143752053182464,2649,7390
1368,700062718104104960,676,2605
1369,700029284593901568,574,2040
1370,700002074055016451,1310,3252
1371,699801817392291840,932,3004
1372,699788877217865730,501,2196
1373,699779630832685056,1203,2694
1374,699775878809702401,591,1932
1375,699691744225525762,4504,10109
1376,699446877801091073,2562,5853
1377,699434518667751424,502,2130
1378,699423671849451520,317,1337
1379,699413908797464576,617,2045
1380,699370870310113280,430,1860
1381,699323444782047232,847,3089
1382,699088579889332224,619,2213
1383,699079609774645248,639,2405
1384,699072405256409088,1166,2915
1385,699060279947165696,1758,3672
1386,699036661657767936,1177,2558
1387,698989035503689728,954,3284
1388,698953797952008193,890,2634
1389,698907974262222848,609,2492
1390,698710712454139905,663,2422
1391,698703483621523456,368,1424
1392,698635131305795584,336,1271
1393,698549713696649216,613,2281
1394,698355670425473025,435,1817
1395,698342080612007937,941,2229
1396,698262614669991936,1959,4679
1397,698195409219559425,5837,16470
1398,698178924120031232,724,2769
1399,697995514407682048,328,1495
1400,697990423684476929,1267,3231
1401,697943111201378304,660,2347
1402,697881462549430272,1148,2962
1403,697630435728322560,529,1715
1404,697616773278015490,990,3100
1405,697596423848730625,1232,2961
1406,697575480820686848,488,2012
1407,697516214579523584,1089,2014
1408,697482927769255936,656,2374
1409,697463031882764288,1373,3362
1410,697270446429966336,1839,4612
1411,697259378236399616,980,3243
1412,697255105972801536,1134,2992
1413,697242256848379904,653,2467
1414,696900204696625153,1001,3111
1415,696894894812565505,669,2308
1416,696886256886657024,1756,4761
1417,696877980375769088,696,2406
1418,696754882863349760,355,1459
1419,696744641916489729,914,2031
1420,696713835009417216,634,2338
1421,696518437233913856,1677,3841
1422,696490539101908992,139,1192
1423,696488710901260288,1000,2469
1424,696405997980676096,1132,3147
1425,696100768806522880,636,1894
1426,695816827381944320,1138,2963
1427,695794761660297217,751,3106
1428,695767669421768709,723,1825
1429,695629776980148225,2049,4489
1430,695446424020918272,1774,4323
1431,695409464418041856,3494,8519
1432,695314793360662529,1418,3562
1433,695095422348574720,599,2588
1434,695074328191332352,1069,2795
1435,695064344191721472,580,1575
1436,695051054296211456,776,2616
1437,694925794720792577,900,2647
1438,694905863685980160,916,2704
1439,694669722378485760,14037,35184
1440,694356675654983680,281,1481
1441,694352839993344000,600,1999
1442,694342028726001664,476,1552
1443,694329668942569472,491,1962
1444,694206574471057408,1992,4094
1445,694183373896572928,910,2900
1446,694001791655137281,1001,3340
1447,693993230313091072,395,1845
1448,693942351086120961,360,1717
1449,693647888581312512,571,2632
1450,693644216740769793,122,1325
1451,693642232151285760,404,2494
1452,693629975228977152,777,2402
1453,693622659251335168,366,1507
1454,693590843962331137,1910,4960
1455,693582294167244802,239,1612
1456,693486665285931008,619,1747
1457,693280720173801472,1210,3295
1458,693267061318012928,797,2339
1459,693262851218264065,489,2169
1460,693231807727280129,722,2825
1461,693155686491000832,3142,7755
1462,693109034023534592,595,1680
1463,693095443459342336,448,1819
1464,692919143163629568,736,2632
1465,692905862751522816,850,2385
1466,692901601640583168,590,1727
1467,692894228850999298,780,2222
1468,692828166163931137,866,2808
1469,692752401762250755,3560,6683
1470,692568918515392513,1501,4281
1471,692535307825213440,1330,3105
1472,692530551048294401,405,1802
1473,692423280028966913,222,1449
1474,692417313023332352,3381,9202
1475,692187005137076224,796,2492
1476,692158366030913536,773,2113
1477,692142790915014657,385,1620
1478,692041934689402880,1238,3345
1479,692017291282812928,934,2839
1480,691820333922455552,1617,3897
1481,691793053716221953,4133,8002
1482,691756958957883396,975,2795
1483,691675652215414786,498,1924
1484,691483041324204033,551,2346
1485,691459709405118465,1116,3979
1486,691444869282295808,832,2598
1487,691416866452082688,7460,18966
1488,691321916024623104,644,2525
1489,691096613310316544,863,2919
1490,691090071332753408,326,1696
1491,690989312272396288,2810,5802
1492,690959652130045952,1218,3515
1493,690938899477221376,1900,4014
1494,690932576555528194,994,3225
1495,690735892932222976,1239,3714
1496,690728923253055490,509,2143
1497,690690673629138944,804,2289
1498,690649993829576704,269,1279
1499,690607260360429569,18,292
1500,690597161306841088,587,1923
1501,690400367696297985,441,1858
1502,690374419777196032,827,3198
1503,690360449368465409,862,2627
1504,690348396616552449,503,1483
1505,690248561355657216,407,1649
1506,690021994562220032,1004,2744
1507,690015576308211712,715,2446
1508,690005060500217858,1647,3609
1509,689999384604450816,361,1395
1510,689993469801164801,440,1433
1511,689977555533848577,437,1347
1512,689905486972461056,689,2407
1513,689877686181715968,1138,2989
1514,689835978131935233,732,2134
1515,689661964914655233,911,3174
1516,689659372465688576,3761,10191
1517,689623661272240129,629,2196
1518,689599056876867584,5386,11447
1519,689557536375177216,447,2009
1520,689517482558820352,1399,3343
1521,689289219123089408,917,2216
1522,689283819090870273,1074,3208
1523,689280876073582592,691,1951
1524,689275259254616065,241,1127
1525,689255633275777024,1060,2512
1526,689154315265683456,977,3023
1527,689143371370250240,498,1989
1528,688916208532455424,846,2666
1529,688908934925697024,746,2081
1530,688898160958271489,766,2059
1531,688894073864884227,669,2199
1532,688828561667567616,364,1360
1533,688804835492233216,189,948
1534,688789766343622656,650,2181
1535,688547210804498433,682,2551
1536,688519176466644993,714,2278
1537,688385280030670848,4378,9129
1538,688211956440801280,810,2202
1539,688179443353796608,575,2100
1540,688116655151435777,758,2782
1541,688064179421470721,353,1705
1542,687841446767013888,2444,5370
1543,687826841265172480,1099,2708
1544,687818504314159109,930,2439
1545,687807801670897665,701,2356
1546,687732144991551489,649,1721
1547,687704180304273409,823,2390
1548,687664829264453632,502,1902
1549,687494652870668288,563,1866
1550,687480748861947905,232,1576
1551,687476254459715584,520,1950
1552,687460506001633280,535,2029
1553,687399393394311168,603,1859
1554,687317306314240000,8967,19804
1555,687312378585812992,1854,4278
1556,687127927494963200,2221,5333
1557,687124485711986689,495,2141
1558,687109925361856513,2398,5690
1559,687102708889812993,955,2315
1560,687096057537363968,594,2199
1561,686947101016735744,3124,8478
1562,686760001961103360,1353,3453
1563,686749460672679938,1418,3422
1564,686730991906516992,1173,4063
1565,686683045143953408,782,2775
1566,686618349602762752,1334,3637
1567,686606069955735556,535,1859
1568,686394059078897668,676,1711
1569,686386521809772549,863,3200
1570,686377065986265092,553,2169
1571,686358356425093120,653,2145
1572,686286779679375361,1629,3939
1573,686050296934563840,712,2182
1574,686035780142297088,114,1129
1575,686034024800862208,1118,3022
1576,686007916130873345,399,2436
1577,686003207160610816,609,1794
1578,685973236358713344,513,2064
1579,685943807276412928,580,1599
1580,685906723014619143,2805,7365
1581,685681090388975616,119,1995
1582,685667379192414208,551,2322
1583,685663452032069632,1421,3176
1584,685641971164143616,759,2882
1585,685547936038666240,15239,32302
1586,685532292383666176,1136,2979
1587,685325112850124800,3870,9276
1588,685321586178670592,622,2599
1589,685315239903100929,1017,3240
1590,685307451701334016,428,2040
1591,685268753634967552,1175,3043
1592,685198997565345792,653,2297
1593,685169283572338688,1398,4039
1594,684969860808454144,360,2351
1595,684959798585110529,3051,6699
1596,684940049151070208,1019,3151
1597,684926975086034944,454,3424
1598,684914660081053696,1418,3445
1599,684902183876321280,516,1828
1600,684880619965411328,793,2051
1601,684830982659280897,21185,34382
1602,684800227459624960,981,2687
1603,684594889858887680,3432,8753
1604,684588130326986752,1379,4046
1605,684567543613382656,1184,2965
1606,684538444857667585,926,2603
1607,684481074559381504,1146,3815
1608,684460069371654144,545,1934
1609,684241637099323392,3194,7962
1610,684225744407494656,202,1208
1611,684222868335505415,1332,3752
1612,684200372118904832,1016,2112
1613,684195085588783105,497,1872
1614,684188786104872960,1142,3429
1615,684177701129875456,652,1982
1616,684147889187209216,1486,2936
1617,684122891630342144,461,1975
1618,684097758874210310,1402,4033
1619,683857920510050305,1097,3736
1620,683852578183077888,339,1903
1621,683849932751646720,934,2562
1622,683834909291606017,1090,2576
1623,683828599284170753,1046,2745
1624,683773439333797890,1315,3283
1625,683742671509258241,3220,6341
1626,683515932363329536,2819,7199
1627,683498322573824003,942,3118
1628,683481228088049664,974,2618
1629,683462770029932544,659,2378
1630,683449695444799489,1578,3811
1631,683391852557561860,2350,7513
1632,683357973142474752,900,2853
1633,683142553609318400,1016,2818
1634,683111407806746624,890,3333
1635,683098815881154561,641,2123
1636,683078886620553216,550,1955
1637,683030066213818368,725,2128
1638,682962037429899265,16107,36070
1639,682808988178739200,165,1748
1640,682788441537560576,1085,2432
1641,682750546109968385,427,1492
1642,682697186228989953,355,1293
1643,682662431982772225,1052,3004
1644,682638830361513985,581,2039
1645,682429480204398592,1127,3366
1646,682406705142087680,1721,7417
1647,682393905736888321,653,2191
1648,682389078323662849,450,1627
1649,682303737705140231,951,2995
1650,682259524040966145,1168,4050
1651,682242692827447297,1132,3168
1652,682088079302213632,9605,17867
1653,682059653698686977,1633,4848
1654,682047327939461121,919,3127
1655,682032003584274432,1952,6464
1656,682003177596559360,1479,3058
1657,681981167097122816,1010,2761
1658,681891461017812993,796,2421
1659,681694085539872773,3970,12568
1660,681679526984871937,430,1739
1661,681654059175129088,907,2586
1662,681610798867845120,453,1863
1663,681579835668455424,1266,3484
1664,681523177663676416,5615,14004
1665,681340665377193984,272,1611
1666,681339448655802368,3989,9101
1667,681320187870711809,719,2593
1668,681302363064414209,1771,3848
1669,681297372102656000,925,3148
1670,681281657291280384,1073,3168
1671,681261549936340994,265,1428
1672,681242418453299201,516,1452
1673,681231109724700672,469,2358
1674,681193455364796417,1436,3617
1675,680970795137544192,642,2366
1676,680959110691590145,1956,4489
1677,680940246314430465,1016,3137
1678,680934982542561280,423,2054
1679,680913438424612864,607,2359
1680,680889648562991104,355,1724
1681,680836378243002368,1286,3392
1682,680805554198020098,650,2113
1683,680801747103793152,800,2337
1684,680798457301471234,1004,2784
1685,680609293079592961,678,2570
1686,680583894916304897,1297,3545
1687,680497766108381184,1858,4152
1688,680494726643068929,473,1682
1689,680473011644985345,729,2490
1690,680440374763077632,487,1418
1691,680221482581123072,286,1438
1692,680206703334408192,1130,2767
1693,680191257256136705,482,2097
1694,680176173301628928,1504,3813
1695,680161097740095489,717,2274
1696,680145970311643136,1698,3534
1697,680130881361686529,911,2241
1698,680115823365742593,878,2663
1699,680100725817409536,1332,3496
1700,680085611152338944,8747,12535
1701,680070545539371008,834,2527
1702,679877062409191424,634,1947
1703,679872969355714560,647,2146
1704,679862121895714818,600,2401
1705,679854723806179328,1193,2786
1706,679844490799091713,738,2317
1707,679828447187857408,13610,35472
1708,679777920601223168,1069,3039
1709,679736210798047232,768,2049
1710,679729593985699840,802,2119
1711,679722016581222400,456,1627
1712,679530280114372609,2025,4678
1713,679527802031484928,701,2580
1714,679511351870550016,1229,3285
1715,679503373272485890,1427,3101
1716,679475951516934144,620,2050
1717,679462823135686656,18227,30799
1718,679405845277462528,1165,2316
1719,679158373988876288,7790,20750
1720,679148763231985668,996,2717
1721,679132435750195208,1119,2911
1722,679111216690831360,2502,5825
1723,679062614270468097,7812,16509
1724,679047485189439488,643,2195
1725,679001094530465792,1182,2763
1726,678991772295516161,1119,2234
1727,678969228704284672,441,1602
1728,678800283649069056,865,2504
1729,678798276842360832,1120,3370
1730,678774928607469569,876,2742
1731,678767140346941444,1319,3438
1732,678764513869611008,461,1596
1733,678755239630127104,3165,6905
1734,678740035362037760,1614,3642
1735,678708137298427904,2344,5454
1736,678675843183484930,1408,2781
1737,678643457146150913,388,1991
1738,678446151570427904,1487,3899
1739,678424312106393600,2458,5324
1740,678410210315247616,1742,4090
1741,678399652199309312,30812,78021
1742,678396796259975168,400,1555
1743,678389028614488064,408,1822
1744,678380236862578688,876,2370
1745,678341075375947776,513,1685
1746,678334497360859136,239,1270
1747,678278586130948096,5890,11122
1748,678255464182861824,352,1545
1749,678023323247357953,369,1858
1750,678021115718029313,6117,13230
1751,677961670166224897,1627,3325
1752,677918531514703872,393,1298
1753,677895101218201600,2000,4681
1754,677716515794329600,944,2963
1755,677700003327029250,1397,3299
1756,677698403548192770,308,1195
1757,677687604918272002,816,2425
1758,677673981332312066,1448,3232
1759,677662372920729601,920,1890
1760,677644091929329666,773,1796
1761,677573743309385728,678,2074
1762,677565715327688705,444,1266
1763,677557565589463040,1114,2381
1764,677547928504967168,3547,6731
1765,677530072887205888,220,1032
1766,677335745548390400,1701,2956
1767,677334615166730240,275,1307
1768,677331501395156992,227,1054
1769,677328882937298944,1448,3544
1770,677314812125323265,515,1592
1771,677301033169788928,390,1197
1772,677269281705472000,681,1914
1773,677228873407442944,1580,3443
1774,677187300187611136,879,2652
1775,676975532580409345,1025,2680
1776,676957860086095872,783,2169
1777,676949632774234114,381,1266
1778,676948236477857792,829,2090
1779,676946864479084545,351,1676
1780,676942428000112642,720,2003
1781,676936541936185344,4753,12322
1782,676916996760600576,1742,2879
1783,676897532954456065,701,2176
1784,676864501615042560,676,2027
1785,676821958043033607,14946,22155
1786,676819651066732545,637,1755
1787,676811746707918848,410,1379
1788,676776431406465024,1949,4828
1789,676617503762681856,920,2787
1790,676613908052996102,192,1042
1791,676606785097199616,414,1834
1792,676603393314578432,369,1121
1793,676593408224403456,2069,4395
1794,676590572941893632,116,890
1795,676588346097852417,751,2227
1796,676582956622721024,263,1148
1797,676575501977128964,1073,2486
1798,676533798876651520,530,1814
1799,676496375194980353,510,1471
1800,676470639084101634,4486,11211
1801,676440007570247681,633,1660
1802,676430933382295552,325,1349
1803,676263575653122048,516,2011
1804,676237365392908289,273,1165
1805,676219687039057920,29798,73874
1806,676215927814406144,553,1673
1807,676191832485810177,993,2193
1808,676146341966438401,634,1850
1809,676121918416756736,1118,2089
1810,676101918813499392,1121,2730
1811,676098748976615425,1356,2886
1812,676089483918516224,420,1261
1813,675898130735476737,548,1550
1814,675891555769696257,820,2045
1815,675888385639251968,916,2285
1816,675878199931371520,1345,4024
1817,675870721063669760,541,1565
1818,675853064436391936,1235,2586
1819,675849018447167488,137,906
1820,675845657354215424,837,2177
1821,675822767435051008,514,1467
1822,675820929667219457,225,1004
1823,675798442703122432,3287,9876
1824,675781562965868544,448,1560
1825,675740360753160193,327,1119
1826,675710890956750848,776,1805
1827,675707330206547968,652,1895
1828,675706639471788032,90,622
1829,675534494439489536,392,1768
1830,675531475945709568,365,1139
1831,675522403582218240,274,997
1832,675517828909424640,445,1237
1833,675501075957489664,5584,16500
1834,675497103322386432,1230,3009
1835,675489971617296384,565,1242
1836,675483430902214656,934,1773
1837,675432746517426176,545,1460
1838,675372240448454658,493,1616
1839,675362609739206656,220,1017
1840,675354435921575936,16022,31197
1841,675349384339542016,2166,3763
1842,675334060156301312,1227,2649
1843,675166823650848770,1511,3409
1844,675153376133427200,2447,5979
1845,675149409102012420,1606,3595
1846,675147105808306176,219,902
1847,675146535592706048,281,1131
1848,675145476954566656,847,2043
1849,675135153782571009,452,1249
1850,675113801096802304,746,1864
1851,675111688094527488,239,919
1852,675109292475830276,1076,2689
1853,675047298674663426,305,1019
1854,675015141583413248,1121,2581
1855,675006312288268288,211,935
1856,675003128568291329,436,1496
1857,674999807681908736,1052,2146
1858,674805413498527744,339,823
1859,674800520222154752,809,2881
1860,674793399141146624,1036,2392
1861,674790488185167872,240,1052
1862,674788554665512960,199,774
1863,674781762103414784,1134,1919
1864,674774481756377088,447,1062
1865,674767892831932416,738,1737
1866,674764817387900928,225,755
1867,674754018082705410,417,1310
1868,674752233200820224,439,1401
1869,674743008475090944,520,1330
1870,674742531037511680,49,462
1871,674739953134403584,366,1052
1872,674737130913071104,82,617
1873,674690135443775488,448,1094
1874,674670581682434048,611,1536
1875,674664755118911488,233,873
1876,674646392044941312,461,1368
1877,674644256330530816,259,990
1878,674638615994089473,556,1610
1879,674632714662858753,545,1436
1880,674606911342424069,93,897
1881,674468880899788800,1927,5953
1882,674447403907457024,343,1019
1883,674436901579923456,369,1060
1884,674422304705744896,513,1368
1885,674416750885273600,130,661
1886,674410619106390016,437,1146
1887,674394782723014656,542,1447
1888,674372068062928900,301,814
1889,674330906434379776,72,542
1890,674318007229923329,493,1340
1891,674307341513269249,6573,10829
1892,674291837063053312,5541,14012
1893,674271431610523648,691,1489
1894,674269164442398721,217,870
1895,674265582246694913,801,1556
1896,674262580978937856,427,1249
1897,674255168825880576,515,1395
1898,674082852460433408,157,727
1899,674075285688614912,268,945
1900,674063288070742018,2064,6080
1901,674053186244734976,1220,3134
1902,674051556661161984,464,1383
1903,674045139690631169,606,1340
1904,674042553264685056,119,686
1905,674038233588723717,398,1053
1906,674036086168010753,193,812
1907,674024893172875264,1154,1691
1908,674019345211760640,287,1074
1909,674014384960745472,605,1483
1910,674008982932058114,335,1140
1911,673956914389192708,903,1862
1912,673919437611909120,351,1119
1913,673906403526995968,1547,3019
1914,673887867907739649,240,895
1915,673716320723169284,710,2936
1916,673715861853720576,1945,3365
1917,673711475735838725,283,996
1918,673709992831262724,252,798
1919,673708611235921920,270,1024
1920,673707060090052608,370,1045
1921,673705679337693185,388,1201
1922,673700254269775872,536,1362
1923,673697980713705472,1847,3768
1924,673689733134946305,608,1656
1925,673688752737402881,465,1204
1926,673686845050527744,406,1365
1927,673680198160809984,435,1307
1928,673662677122719744,345,1192
1929,673656262056419329,221,688
1930,673636718965334016,339,1046
1931,673612854080196609,677,1524
1932,673583129559498752,339,1141
1933,673580926094458881,260,791
1934,673576835670777856,530,1318
1935,673363615379013632,287,977
1936,673359818736984064,630,1376
1937,673355879178194945,538,1426
1938,673352124999274496,509,1584
1939,673350198937153538,194,716
1940,673345638550134785,1185,2387
1941,673343217010679808,254,920
1942,673342308415348736,538,1210
1943,673320132811366400,7403,12774
1944,673317986296586240,238,838
1945,673295268553605120,2975,7147
1946,673270968295534593,343,1017
1947,673240798075449344,671,1359
1948,673213039743795200,789,2121
1949,673148804208660480,588,1614
1950,672997845381865473,669,1879
1951,672995267319328768,271,902
1952,672988786805112832,271,934
1953,672984142909456390,513,1200
1954,672980819271634944,952,1731
1955,672975131468300288,848,1589
1956,672970152493887488,336,904
1957,672968025906282496,507,1262
1958,672964561327235073,608,1357
1959,672902681409806336,463,1300
1960,672898206762672129,400,856
1961,672884426393653248,795,1463
1962,672877615439593473,330,982
1963,672834301050937345,536,1248
1964,672828477930868736,459,1191
1965,672640509974827008,296,928
1966,672622327801233409,455,1226
1967,672614745925664768,548,1167
1968,672609152938721280,365,1053
1969,672604026190569472,377,1049
1970,672594978741354496,578,1261
1971,672591762242805761,318,905
1972,672591271085670400,176,683
1973,672538107540070400,343,974
1974,672523490734551040,157,595
1975,672488522314567680,407,1052
1976,672482722825261057,560,1066
1977,672481316919734272,122,684
1978,672475084225949696,656,1371
1979,672466075045466113,498,1287
1980,672272411274932228,3155,6105
1981,672267570918129665,580,1412
1982,672264251789176834,314,1080
1983,672256522047614977,1441,2683
1984,672254177670729728,697,1364
1985,672248013293752320,564,1648
1986,672245253877968896,144,647
1987,672239279297454080,302,852
1988,672231046314901505,948,1727
1989,672222792075620352,199,748
1990,672205392827572224,1081,2139
1991,672169685991993344,344,970
1992,672160042234327040,336,834
1993,672139350159835138,653,1647
1994,672125275208069120,1074,2263
1995,672095186491711488,343,943
1996,672082170312290304,345,898
1997,672068090318987265,478,1225
1998,671896809300709376,3927,8075
1999,671891728106971137,536,1247
2000,671882082306625538,1304,3287
2001,671879137494245376,624,1339
2002,671874878652489728,519,1189
2003,671866342182637568,461,1057
2004,671855973984772097,407,853
2005,671789708968640512,3249,6698
2006,671768281401958400,461,1128
2007,671763349865160704,847,1584
2008,671744970634719232,714,1279
2009,671743150407421952,223,713
2010,671735591348891648,702,1370
2011,671729906628341761,4081,8050
2012,671561002136281088,6791,12112
2013,671550332464455680,197,862
2014,671547767500775424,551,1274
2015,671544874165002241,985,1859
2016,671542985629241344,529,1031
2017,671538301157904385,361,878
2018,671536543010570240,379,1108
2019,671533943490011136,543,964
2020,671528761649688577,240,794
2021,671520732782923777,496,1319
2022,671518598289059840,276,896
2023,671511350426865664,660,1502
2024,671504605491109889,3344,6617
2025,671497587707535361,420,870
2026,671488513339211776,449,947
2027,671486386088865792,183,549
2028,671485057807351808,220,721
2029,671390180817915904,697,1365
2030,671362598324076544,278,1049
2031,671357843010908160,145,378
2032,671355857343524864,112,458
2033,671347597085433856,395,905
2034,671186162933985280,193,694
2035,671182547775299584,315,1054
2036,671166507850801152,322,828
2037,671163268581498880,1028,1555
2038,671159727754231808,74,345
2039,671154572044468225,206,668
2040,671151324042559489,141,630
2041,671147085991960577,201,628
2042,671141549288370177,617,1091
2043,671138694582165504,374,877
2044,671134062904504320,178,702
2045,671122204919246848,2346,3297
2046,671115716440031232,726,1296
2047,671109016219725825,408,1082
2048,670995969505435648,271,1050
2049,670842764863651840,8145,23390
2050,670840546554966016,181,553
2051,670838202509447168,646,1051
2052,670833812859932673,112,412
2053,670832455012716544,200,693
2054,670826280409919488,3803,5219
2055,670823764196741120,175,734
2056,670822709593571328,89,575
2057,670815497391357952,1442,2998
2058,670811965569282048,253,1066
2059,670807719151067136,459,1104
2060,670804601705242624,900,1854
2061,670803562457407488,83,322
2062,670797304698376195,219,699
2063,670792680469889025,257,783
2064,670789397210615808,223,624
2065,670786190031921152,187,567
2066,670783437142401025,357,785
2067,670782429121134593,718,1459
2068,670780561024270336,270,754
2069,670778058496974848,69,317
2070,670764103623966721,393,1025
2071,670755717859713024,98,416
2072,670733412878163972,476,905
2073,670727704916926465,335,788
2074,670717338665226240,448,1128
2075,670704688707301377,345,734
2076,670691627984359425,226,558
2077,670679630144274432,263,711
2078,670676092097810432,38,234
2079,670668383499735048,4682,10119
2080,670474236058800128,689,1423
2081,670468609693655041,82,338
2082,670465786746662913,510,921
2083,670452855871037440,190,521
2084,670449342516494336,606,1145
2085,670444955656130560,1868,6378
2086,670442337873600512,187,611
2087,670435821946826752,481,1000
2088,670434127938719744,604,1337
2089,670433248821026816,103,313
2090,670428280563085312,579,1318
2091,670427002554466305,148,494
2092,670421925039075328,597,1237
2093,670420569653809152,295,587
2094,670417414769758208,303,539
2095,670411370698022913,833,1909
2096,670408998013820928,205,526
2097,670403879788544000,143,407
2098,670385711116361728,191,536
2099,670374371102445568,251,709
2100,670361874861563904,60,313
2101,670338931251150849,101,405
2102,670319130621435904,1142,3691
2103,670303360680108032,123,411
2104,670290420111441920,267,658
2105,670093938074779648,308,972
2106,670086499208155136,236,660
2107,670079681849372674,1145,2103
2108,670073503555706880,740,1479
2109,670069087419133954,223,588
2110,670061506722140161,310,718
2111,670055038660800512,302,630
2112,670046952931721218,160,613
2113,670040295598354432,104,714
2114,670037189829525505,256,561
2115,670003130994700288,84,315
2116,669993076832759809,77,305
2117,669972011175813120,147,418
2118,669970042633789440,51,285
2119,669942763794931712,148,476
2120,669926384437997569,89,359
2121,669923323644657664,53,223
2122,669753178989142016,372,758
2123,669749430875258880,62,245
2124,669684865554620416,83,482
2125,669683899023405056,102,361
2126,669682095984410625,126,332
2127,669680153564442624,268,632
2128,669661792646373376,401,768
2129,669625907762618368,1694,3332
2130,669603084620980224,337,903
2131,669597912108789760,141,484
2132,669583744538451968,866,1403
2133,669573570759163904,130,412
2134,669571471778410496,949,1501
2135,669567591774625800,48,220
2136,669564461267722241,112,369
2137,669393256313184256,69,339
2138,669375718304980992,678,1251
2139,669371483794317312,167,465
2140,669367896104181761,141,435
2141,669363888236994561,214,591
2142,669359674819481600,113,350
2143,669354382627049472,1196,2550
2144,669353438988365824,242,595
2145,669351434509529089,169,408
2146,669328503091937280,388,962
2147,669327207240699904,113,545
2148,669324657376567296,195,468
2149,669216679721873412,377,1130
2150,669214165781868544,149,412
2151,669203728096960512,435,951
2152,669037058363662336,289,621
2153,669015743032369152,348,704
2154,669006782128353280,229,549
2155,669000397445533696,5955,19791
2156,668994913074286592,209,417
2157,668992363537309700,316,708
2158,668989615043424256,309,633
2159,668988183816871936,432,851
2160,668986018524233728,153,517
2161,668981893510119424,280,509
2162,668979806671884288,328,753
2163,668975677807423489,545,1234
2164,668967877119254528,21,136
2165,668960084974809088,227,663
2166,668955713004314625,66,259
2167,668932921458302977,53,246
2168,668902994700836864,94,301
2169,668892474547511297,138,378
2170,668872652652679168,281,499
2171,668852170888998912,149,426
2172,668826086256599040,124,410
2173,668815180734689280,243,524
2174,668779399630725120,346,673
2175,668655139528511488,204,493
2176,668645506898350081,494,822
2177,668643542311546881,487,821
2178,668641109086707712,503,1007
2179,668636665813057536,462,979
2180,668633411083464705,1496,2640
2181,668631377374486528,296,669
2182,668627278264475648,103,296
2183,668625577880875008,119,361
2184,668623201287675904,702,1341
2185,668620235289837568,37,187
2186,668614819948453888,299,581
2187,668587383441514497,999,1576
2188,668567822092664832,49,226
2189,668544745690562560,214,483
2190,668542336805281792,198,430
2191,668537837512433665,67,241
2192,668528771708952576,207,438
2193,668507509523615744,98,308
2194,668496999348633600,121,382
2195,668484198282485761,219,399
2196,668480044826800133,135,431
2197,668466899341221888,475,841
2198,668297328638447616,274,594
2199,668291999406125056,29,229
2200,668286279830867968,127,475
2201,668274247790391296,220,773
2202,668268907921326080,220,521
2203,668256321989451776,556,1218
2204,668248472370458624,445,904
2205,668237644992782336,2648,5847
2206,668226093875376128,96,280
2207,668221241640230912,183,488
2208,668204964695683073,183,527
2209,668190681446379520,187,610
2210,668171859951755264,177,457
2211,668154635664932864,290,470
2212,668142349051129856,260,547
2213,668113020489474048,218,630
2214,667937095915278337,742,1179
2215,667924896115245057,100,277
2216,667915453470232577,53,198
2217,667911425562669056,277,467
2218,667902449697558528,355,813
2219,667886921285246976,1000,1770
2220,667885044254572545,435,777
2221,667878741721415682,110,374
2222,667873844930215936,379,589
2223,667866724293877760,967,2867
2224,667861340749471744,74,231
2225,667832474953625600,57,279
2226,667806454573760512,452,994
2227,667801013445750784,89,311
2228,667793409583771648,309,664
2229,667782464991965184,230,391
2230,667773195014021121,50,220
2231,667766675769573376,201,414
2232,667728196545200128,143,359
2233,667724302356258817,298,454
2234,667550904950915073,31,0
2235,667550882905632768,28,0
2236,667549055577362432,2100,5446
2237,667546741521195010,115,321
2238,667544320556335104,492,808
2239,667538891197542400,60,193
2240,667534815156183040,490,770
2241,667530908589760512,221,440
2242,667524857454854144,1047,1600
2243,667517642048163840,179,348
2244,667509364010450944,1989,6425
2245,667502640335572993,208,512
2246,667495797102141441,247,494
2247,667491009379606528,210,494
2248,667470559035432960,89,241
2249,667455448082227200,56,180
2250,667453023279554560,81,296
2251,667443425659232256,539,739
2252,667437278097252352,220,424
2253,667435689202614272,79,291
2254,667405339315146752,207,440
2255,667393430834667520,51,182
2256,667369227918143488,151,345
2257,667211855547486208,223,458
2258,667200525029539841,242,579
2259,667192066997374976,91,359
2260,667188689915760640,368,704
2261,667182792070062081,5713,13452
2262,667177989038297088,51,180
2263,667176164155375616,421,574
2264,667174963120574464,72,232
2265,667171260800061440,77,207
2266,667165590075940865,1044,2526
2267,667160273090932737,55,239
2268,667152164079423490,15706,44892
2269,667138269671505920,2025,4305
2270,667119796878725120,121,314
2271,667090893657276420,116,314
2272,667073648344346624,109,375
2273,667070482143944705,13,78
2274,667065535570550784,41,160
2275,667062181243039745,48,206
2276,667044094246576128,45,175
2277,667012601033924608,205,423
2278,666996132027977728,81,227
2279,666983947667116034,905,2390
2280,666837028449972224,510,759
2281,666835007768551424,74,198
2282,666826780179869698,84,238
2283,666817836334096384,233,478
2284,666804364988780544,84,219
2285,666786068205871104,442,707
2286,666781792255496192,175,360
2287,666776908487630848,156,323
2288,666739327293083650,60,221
2289,666701168228331520,200,401
2290,666691418707132416,44,174
2291,666649482315059201,571,1049
2292,666644823164719104,74,220
2293,666454714377183233,197,480
2294,666447344410484738,18,96
2295,666437273139982337,42,114
2296,666435652385423360,45,152
2297,666430724426358785,173,292
2298,666428276349472768,73,151
2299,666421158376562688,102,294
2300,666418789513326592,41,111
2301,666411507551481857,288,404
2302,666407126856765440,31,98
2303,666396247373291520,73,154
2304,666373753744588802,79,171
2305,666362758909284353,505,711
2306,666353288456101888,64,194
2307,666345417576210432,128,270
2308,666337882303524864,82,180
2309,666293911632134144,313,459
2310,666287406224695296,58,133
2311,666273097616637952,70,159
2312,666268910803644416,32,95
2313,666104133288665088,5881,13431
2314,666102155909144576,11,70
2315,666099513787052032,58,142
2316,666094000022159362,66,153
2317,666082916733198337,41,102
2318,666073100786774016,142,292
2319,666071193221509120,52,135
2320,666063827256086533,193,443
2321,666058600524156928,52,104
2322,666057090499244032,122,266
2323,666055525042405380,216,406
2324,666051853826850816,759,1110
2325,666050758794694657,51,123
2326,666049248165822465,40,96
2327,666044226329800704,126,265
2328,666033412701032449,39,111
2329,666029285002620928,41,120
2330,666020888022790149,455,2378
